row_id,label
0,3
1,1
2,1
3,1
4,2
5,3
6,0
7,2
8,3
9,1
10,1
11,3
12,0
13,3
14,1
15,3
16,3
17,0
18,2
19,1
20,1
21,1
22,3
23,0
24,1
25,1
26,1
27,3
28,3
29,1
30,0
31,0
32,0
33,2
34,1
35,2
36,2
37,1
38,1
39,2
40,0
41,1
42,1
43,0
44,1
45,1
46,1
47,1
48,1
49,3
50,3
51,1
52,1
53,1
54,2
55,3
56,1
57,1
58,0
59,3
60,1
61,1
62,2
63,1
64,3
65,2
66,1
67,3
68,1
69,3
70,3
71,2
72,0
73,3
74,3
75,3
76,0
77,3
78,0
79,1
80,1
81,0
82,3
83,1
84,1
85,1
86,3
87,3
88,3
89,1
90,3
91,2
92,2
93,0
94,1
95,3
96,1
97,0
98,3
99,1
100,0
101,1
102,1
103,3
104,0
105,2
106,0
107,3
108,2
109,0
110,1
111,3
112,1
113,2
114,1
115,2
116,3
117,1
118,1
119,3
120,2
121,1
122,1
123,3
124,0
125,2
126,3
127,0
128,0
129,1
130,0
131,1
132,1
133,1
134,3
135,0
136,0
137,3
138,0
139,1
140,1
141,3
142,3
143,1
144,1
145,3
146,1
147,2
148,1
149,2
150,3
151,3
152,1
153,1
154,0
155,1
156,0
157,3
158,3
159,3
160,1
161,1
162,1
163,3
164,3
165,1
166,2
167,3
168,3
169,1
170,3
171,1
172,1
173,1
174,1
175,0
176,2
177,2
178,2
179,2
180,1
181,0
182,1
183,1
184,1
185,3
186,1
187,1
188,3
189,1
190,3
191,0
192,3
193,0
194,1
195,2
196,0
197,1
198,3
199,0
200,2
201,3
202,1
203,3
204,0
205,3
206,3
207,1
208,1
209,3
210,2
211,0
212,0
213,1
214,1
215,1
216,0
217,2
218,3
219,3
220,0
221,1
222,3
223,1
224,3
225,1
226,0
227,3
228,0
229,1
230,1
231,1
232,1
233,3
234,3
235,3
236,1
237,3
238,0
239,1
240,1
241,1
242,1
243,1
244,1
245,1
246,1
247,3
248,1
249,1
250,3
251,1
252,0
253,1
254,1
255,1
256,1
257,2
258,3
259,1
260,1
261,3
262,0
263,2
264,3
265,3
266,0
267,1
268,3
269,2
270,1
271,3
272,2
273,1
274,1
275,1
276,3
277,3
278,3
279,0
280,2
281,0
282,1
283,3
284,2
285,3
286,0
287,3
288,1
289,3
290,1
291,1
292,3
293,2
294,2
295,1
296,3
297,3
298,1
299,0
300,1
301,1
302,3
303,1
304,1
305,1
306,2
307,3
308,1
309,2
310,1
311,1
312,0
313,1
314,1
315,0
316,1
317,3
318,3
319,0
320,3
321,0
322,1
323,3
324,1
325,2
326,1
327,3
328,1
329,0
330,0
331,1
332,1
333,0
334,1
335,1
336,1
337,3
338,2
339,1
340,0
341,1
342,3
343,3
344,3
345,2
346,1
347,2
348,3
349,3
350,3
351,1
352,0
353,1
354,1
355,0
356,3
357,1
358,3
359,1
360,1
361,1
362,1
363,3
364,0
365,0
366,0
367,1
368,1
369,3
370,1
371,0
372,0
373,2
374,1
375,3
376,1
377,1
378,1
379,3
380,3
381,1
382,1
383,0
384,3
385,0
386,1
387,3
388,3
389,3
390,3
391,1
392,3
393,0
394,1
395,3
396,3
397,3
398,2
399,0
400,3
401,1
402,2
403,0
404,3
405,1
406,3
407,3
408,3
409,1
410,3
411,0
412,3
413,0
414,3
415,0
416,3
417,1
418,0
419,2
420,3
421,2
422,3
423,1
424,1
425,0
426,1
427,3
428,3
429,1
430,0
431,3
432,1
433,1
434,0
435,2
436,1
437,1
438,3
439,0
440,3
441,3
442,3
443,0
444,0
445,1
446,1
447,3
448,2
449,0
450,1
451,1
452,3
453,1
454,3
455,1
456,2
457,1
458,3
459,3
460,1
461,1
462,3
463,0
464,2
465,0
466,1
467,1
468,1
469,1
470,3
471,0
472,1
473,1
474,0
475,3
476,3
477,3
478,0
479,1
480,3
481,0
482,2
483,3
484,1
485,1
486,3
487,3
488,3
489,3
490,0
491,3
492,3
493,1
494,1
495,2
496,1
497,2
498,3
499,1
500,3
501,1
502,1
503,3
504,1
505,0
506,1
507,3
508,2
509,3
510,0
511,1
512,0
513,1
514,3
515,3
516,0
517,1
518,3
519,0
520,3
521,0
522,3
523,3
524,2
525,2
526,1
527,2
528,0
529,1
530,3
531,1
532,1
533,1
534,0
535,1
536,3
537,3
538,1
539,1
540,3
541,0
542,3
543,0
544,3
545,2
546,0
547,1
548,3
549,3
550,1
551,1
552,0
553,2
554,0
555,0
556,2
557,0
558,3
559,3
560,3
561,3
562,0
563,1
564,3
565,1
566,2
567,3
568,3
569,1
570,3
571,1
572,0
573,0
574,2
575,1
576,1
577,3
578,1
579,1
580,1
581,0
582,2
583,2
584,1
585,3
586,3
587,3
588,3
589,1
590,1
591,3
592,3
593,2
594,3
595,1
596,1
597,1
598,2
599,0
600,2
601,2
602,0
603,3
604,1
605,2
606,1
607,1
608,3
609,1
610,1
611,3
612,0
613,0
614,1
615,1
616,3
617,3
618,2
619,0
620,1
621,1
622,3
623,1
624,3
625,1
626,0
627,3
628,3
629,1
630,1
631,3
632,1
633,3
634,0
635,1
636,1
637,0
638,3
639,0
640,0
641,1
642,2
643,1
644,3
645,3
646,3
647,3
648,3
649,0
650,2
651,1
652,0
653,1
654,3
655,3
656,1
657,0
658,2
659,2
660,3
661,1
662,1
663,3
664,1
665,1
666,1
667,3
668,3
669,2
670,1
671,0
672,1
673,0
674,1
675,3
676,1
677,0
678,3
679,1
680,3
681,2
682,1
683,0
684,0
685,3
686,3
687,1
688,3
689,1
690,2
691,1
692,3
693,3
694,0
695,3
696,3
697,3
698,1
699,3
700,3
701,1
702,3
703,0
704,2
705,3
706,1
707,1
708,2
709,1
710,0
711,1
712,1
713,1
714,3
715,1
716,1
717,1
718,1
719,3
720,3
721,1
722,0
723,1
724,0
725,1
726,3
727,1
728,2
729,1
730,3
731,3
732,3
733,1
734,2
735,3
736,0
737,3
738,1
739,3
740,3
741,1
742,3
743,3
744,1
745,1
746,1
747,2
748,1
749,1
750,2
751,0
752,3
753,1
754,3
755,3
756,1
757,3
758,1
759,0
760,3
761,1
762,1
763,3
764,0
765,1
766,2
767,3
768,3
769,0
770,3
771,0
772,3
773,1
774,0
775,1
776,0
777,1
778,3
779,2
780,2
781,1
782,1
783,3
784,0
785,1
786,3
787,0
788,1
789,3
790,1
791,0
792,0
793,1
794,3
795,0
796,1
797,1
798,0
799,1
800,3
801,1
802,0
803,0
804,3
805,1
806,3
807,3
808,3
809,3
810,3
811,3
812,3
813,3
814,3
815,3
816,1
817,1
818,3
819,1
820,1
821,1
822,1
823,0
824,0
825,1
826,1
827,1
828,3
829,0
830,1
831,1
832,3
833,3
834,1
835,2
836,3
837,3
838,3
839,0
840,2
841,0
842,0
843,3
844,1
845,1
846,0
847,3
848,0
849,0
850,2
851,1
852,2
853,3
854,1
855,0
856,1
857,1
858,0
859,1
860,3
861,2
862,3
863,1
864,1
865,1
866,2
867,3
868,1
869,1
870,3
871,0
872,1
873,3
874,1
875,1
876,0
877,3
878,3
879,1
880,1
881,2
882,2
883,0
884,2
885,0
886,2
887,0
888,0
889,3
890,3
891,3
892,1
893,1
894,3
895,1
896,2
897,3
898,3
899,0
900,0
901,1
902,3
903,0
904,1
905,2
906,1
907,1
908,3
909,1
910,1
911,1
912,3
913,3
914,3
915,1
916,1
917,3
918,2
919,3
920,2
921,1
922,1
923,0
924,3
925,3
926,2
927,1
928,3
929,0
930,1
931,2
932,2
933,3
934,2
935,3
936,1
937,1
938,1
939,1
940,2
941,3
942,2
943,1
944,1
945,1
946,1
947,3
948,1
949,2
950,2
951,2
952,1
953,2
954,1
955,1
956,0
957,3
958,3
959,1
960,1
961,2
962,3
963,1
964,0
965,3
966,3
967,3
968,1
969,0
970,2
971,1
972,2
973,1
974,1
975,1
976,2
977,3
978,1
979,1
980,3
981,3
982,3
983,1
984,3
985,1
986,1
987,1
988,3
989,2
990,1
991,1
992,1
993,1
994,2
995,3
996,1
997,3
998,1
999,3
1000,2
1001,2
1002,2
1003,3
1004,1
1005,3
1006,1
1007,3
1008,3
1009,1
1010,3
1011,0
1012,1
1013,3
1014,1
1015,1
1016,1
1017,1
1018,1
1019,0
1020,2
1021,3
1022,2
1023,1
1024,1
1025,3
1026,0
1027,3
1028,3
1029,2
1030,1
1031,3
1032,0
1033,3
1034,3
1035,2
1036,3
1037,3
1038,2
1039,3
1040,2
1041,3
1042,1
1043,2
1044,1
1045,3
1046,0
1047,0
1048,2
1049,1
1050,1
1051,2
1052,0
1053,1
1054,3
1055,3
1056,3
1057,3
1058,3
1059,3
1060,0
1061,3
1062,0
1063,1
1064,1
1065,2
1066,3
1067,3
1068,1
1069,0
1070,0
1071,3
1072,2
1073,0
1074,3
1075,2
1076,3
1077,3
1078,3
1079,3
1080,3
1081,3
1082,1
1083,3
1084,3
1085,1
1086,2
1087,1
1088,1
1089,0
1090,3
1091,1
1092,1
1093,3
1094,3
1095,2
1096,1
1097,0
1098,3
1099,0
1100,1
1101,3
1102,1
1103,3
1104,3
1105,2
1106,1
1107,1
1108,1
1109,3
1110,1
1111,3
1112,1
1113,1
1114,3
1115,3
1116,3
1117,3
1118,1
1119,3
1120,2
1121,1
1122,1
1123,1
1124,1
1125,2
1126,1
1127,0
1128,1
1129,1
1130,2
1131,0
1132,3
1133,1
1134,1
1135,1
1136,0
1137,2
1138,0
1139,2
1140,1
1141,3
1142,1
1143,1
1144,1
1145,0
1146,2
1147,0
1148,1
1149,0
1150,0
1151,1
1152,1
1153,3
1154,3
1155,1
1156,3
1157,3
1158,1
1159,1
1160,0
1161,3
1162,1
1163,1
1164,0
1165,3
1166,1
1167,3
1168,3
1169,3
1170,1
1171,1
1172,2
1173,1
1174,3
1175,2
1176,1
1177,1
1178,0
1179,0
1180,1
1181,3
1182,3
1183,0
1184,1
1185,1
1186,0
1187,3
1188,1
1189,3
1190,1
1191,0
1192,2
1193,1
1194,2
1195,0
1196,1
1197,3
1198,3
1199,1
1200,0
1201,1
1202,1
1203,2
1204,1
1205,3
1206,3
1207,0
1208,3
1209,1
1210,3
1211,3
1212,3
1213,1
1214,0
1215,3
1216,3
1217,0
1218,1
1219,1
1220,2
1221,2
1222,3
1223,0
1224,0
1225,3
1226,3
1227,3
1228,2
1229,2
1230,1
1231,3
1232,2
1233,0
1234,0
1235,1
1236,1
1237,1
1238,1
1239,3
1240,2
1241,1
1242,1
1243,1
1244,3
1245,3
1246,0
1247,1
1248,1
1249,0
1250,0
1251,1
1252,1
1253,3
1254,1
1255,3
1256,1
1257,1
1258,1
1259,0
1260,3
1261,3
1262,0
1263,3
1264,0
1265,1
1266,3
1267,1
1268,2
1269,0
1270,0
1271,1
1272,1
1273,1
1274,3
1275,2
1276,1
1277,1
1278,1
1279,3
1280,1
1281,2
1282,1
1283,1
1284,2
1285,2
1286,1
1287,1
1288,1
1289,3
1290,3
1291,1
1292,3
1293,1
1294,0
1295,3
1296,1
1297,2
1298,0
1299,2
1300,2
1301,1
1302,1
1303,1
1304,1
1305,1
1306,1
1307,1
1308,1
1309,3
1310,3
1311,3
1312,3
1313,0
1314,3
1315,3
1316,3
1317,1
1318,3
1319,1
1320,1
1321,0
1322,3
1323,1
1324,2
1325,1
1326,1
1327,3
1328,2
1329,1
1330,1
1331,3
1332,0
1333,1
1334,3
1335,1
1336,0
1337,3
1338,0
1339,1
1340,0
1341,1
1342,1
1343,3
1344,3
1345,0
1346,2
1347,3
1348,0
1349,0
1350,2
1351,1
1352,3
1353,3
1354,0
1355,1
1356,2
1357,3
1358,3
1359,3
1360,0
1361,1
1362,1
1363,0
1364,2
1365,0
1366,3
1367,1
1368,0
1369,1
1370,3
1371,1
1372,1
1373,0
1374,3
1375,2
1376,1
1377,1
1378,3
1379,1
1380,1
1381,0
1382,1
1383,3
1384,1
1385,0
1386,0
1387,0
1388,2
1389,3
1390,1
1391,1
1392,1
1393,1
1394,1
1395,0
1396,3
1397,1
1398,1
1399,3
1400,1
1401,0
1402,3
1403,3
1404,3
1405,0
1406,1
1407,1
1408,3
1409,0
1410,2
1411,1
1412,1
1413,1
1414,1
1415,1
1416,3
1417,1
1418,1
1419,0
1420,1
1421,3
1422,1
1423,3
1424,1
1425,3
1426,2
1427,3
1428,2
1429,1
1430,0
1431,2
1432,3
1433,1
1434,1
1435,0
1436,3
1437,2
1438,1
1439,0
1440,3
1441,3
1442,1
1443,3
1444,1
1445,1
1446,3
1447,1
1448,1
1449,1
1450,3
1451,1
1452,3
1453,2
1454,3
1455,0
1456,0
1457,3
1458,2
1459,0
1460,1
1461,3
1462,1
1463,3
1464,3
1465,1
1466,0
1467,1
1468,1
1469,2
1470,0
1471,1
1472,2
1473,3
1474,2
1475,1
1476,1
1477,1
1478,2
1479,2
1480,3
1481,3
1482,1
1483,3
1484,1
1485,3
1486,2
1487,1
1488,2
1489,3
1490,3
1491,0
1492,1
1493,3
1494,1
1495,1
1496,1
1497,1
1498,3
1499,3
1500,0
1501,0
1502,1
1503,2
1504,3
1505,0
1506,1
1507,1
1508,3
1509,1
1510,0
1511,3
1512,0
1513,1
1514,1
1515,3
1516,1
1517,1
1518,1
1519,3
1520,3
1521,0
1522,1
1523,1
1524,2
1525,0
1526,0
1527,3
1528,3
1529,3
1530,1
1531,0
1532,3
1533,0
1534,3
1535,3
1536,1
1537,2
1538,0
1539,3
1540,2
1541,3
1542,1
1543,2
1544,0
1545,3
1546,2
1547,1
1548,2
1549,3
1550,1
1551,1
1552,0
1553,2
1554,3
1555,1
1556,3
1557,3
1558,1
1559,1
1560,3
1561,1
1562,1
1563,3
1564,0
1565,1
1566,1
1567,1
1568,3
1569,0
1570,2
1571,2
1572,0
1573,1
1574,1
1575,3
1576,3
1577,1
1578,3
1579,3
1580,3
1581,3
1582,3
1583,1
1584,2
1585,3
1586,1
1587,3
1588,2
1589,1
1590,3
1591,0
1592,1
1593,0
1594,1
1595,3
1596,1
1597,0
1598,1
1599,0
1600,2
1601,3
1602,0
1603,3
1604,1
1605,0
1606,2
1607,3
1608,3
1609,1
1610,1
1611,1
1612,1
1613,3
1614,1
1615,1
1616,1
1617,1
1618,3
1619,1
1620,1
1621,2
1622,2
1623,0
1624,0
1625,0
1626,3
1627,1
1628,1
1629,0
1630,0
1631,2
1632,3
1633,3
1634,1
1635,3
1636,1
1637,1
1638,2
1639,3
1640,1
1641,1
1642,1
1643,1
1644,1
1645,0
1646,3
1647,2
1648,1
1649,3
1650,1
1651,1
1652,1
1653,1
1654,1
1655,0
1656,1
1657,3
1658,3
1659,1
1660,3
1661,3
1662,1
1663,3
1664,1
1665,1
1666,1
1667,1
1668,1
1669,2
1670,1
1671,1
1672,0
1673,1
1674,3
1675,1
1676,1
1677,3
1678,1
1679,0
1680,1
1681,1
1682,2
1683,1
1684,0
1685,1
1686,3
1687,3
1688,1
1689,1
1690,1
1691,1
1692,1
1693,0
1694,1
1695,3
1696,1
1697,3
1698,1
1699,3
1700,1
1701,2
1702,0
1703,1
1704,3
1705,1
1706,1
1707,1
1708,3
1709,1
1710,1
1711,1
1712,2
1713,1
1714,3
1715,1
1716,2
1717,0
1718,1
1719,1
1720,3
1721,1
1722,3
1723,3
1724,2
1725,2
1726,2
1727,3
1728,3
1729,3
1730,3
1731,0
1732,1
1733,0
1734,3
1735,0
1736,3
1737,1
1738,0
1739,0
1740,1
1741,0
1742,3
1743,1
1744,1
1745,1
1746,1
1747,0
1748,1
1749,1
1750,3
1751,0
1752,1
1753,3
1754,1
1755,0
1756,1
1757,1
1758,0
1759,1
1760,0
1761,1
1762,1
1763,3
1764,0
1765,0
1766,3
1767,1
1768,1
1769,1
1770,3
1771,3
1772,3
1773,2
1774,3
1775,2
1776,0
1777,1
1778,0
1779,2
1780,3
1781,0
1782,3
1783,0
1784,3
1785,0
1786,0
1787,1
1788,0
1789,3
1790,1
1791,1
1792,3
1793,3
1794,2
1795,3
1796,0
1797,3
1798,3
1799,3
1800,0
1801,2
1802,1
1803,3
1804,1
1805,0
1806,1
1807,0
1808,3
1809,2
1810,1
1811,3
1812,1
1813,1
1814,3
1815,1
1816,3
1817,3
1818,3
1819,1
1820,2
1821,1
1822,3
1823,1
1824,3
1825,1
1826,3
1827,1
1828,1
1829,0
1830,1
1831,1
1832,0
1833,1
1834,0
1835,3
1836,0
1837,2
1838,0
1839,3
1840,3
1841,1
1842,3
1843,1
1844,2
1845,1
1846,0
1847,1
1848,3
1849,3
1850,1
1851,2
1852,0
1853,1
1854,0
1855,1
1856,1
1857,1
1858,0
1859,3
1860,1
1861,1
1862,1
1863,3
1864,1
1865,1
1866,2
1867,3
1868,1
1869,3
1870,3
1871,3
1872,0
1873,3
1874,0
1875,3
1876,2
1877,3
1878,3
1879,3
1880,3
1881,3
1882,3
1883,1
1884,3
1885,1
1886,2
1887,1
1888,1
1889,1
1890,1
1891,0
1892,3
1893,3
1894,0
1895,1
1896,3
1897,0
1898,1
1899,3
1900,3
1901,1
1902,0
1903,3
1904,1
1905,3
1906,2
1907,1
1908,3
1909,3
1910,1
1911,1
1912,1
1913,3
1914,1
1915,0
1916,1
1917,2
1918,3
1919,0
1920,3
1921,3
1922,3
1923,2
1924,1
1925,3
1926,0
1927,1
1928,3
1929,1
1930,1
1931,1
1932,3
1933,1
1934,2
1935,2
1936,1
1937,3
1938,1
1939,1
1940,1
1941,1
1942,0
1943,0
1944,1
1945,3
1946,2
1947,3
1948,1
1949,1
1950,1
1951,1
1952,1
1953,3
1954,1
1955,0
1956,2
1957,2
1958,3
1959,1
1960,2
1961,3
1962,3
1963,0
1964,3
1965,3
1966,3
1967,1
1968,1
1969,1
1970,0
1971,1
1972,0
1973,1
1974,1
1975,3
1976,3
1977,1
1978,2
1979,2
1980,1
1981,2
1982,2
1983,1
1984,3
1985,0
1986,1
1987,1
1988,1
1989,1
1990,3
1991,1
1992,1
1993,3
1994,2
1995,1
1996,2
1997,1
1998,3
1999,1
2000,0
2001,0
2002,3
2003,1
2004,3
2005,3
2006,1
2007,1
2008,0
2009,1
2010,0
2011,3
2012,1
2013,1
2014,3
2015,3
2016,3
2017,3
2018,3
2019,1
2020,3
2021,3
2022,3
2023,1
2024,1
2025,2
2026,3
2027,1
2028,2
2029,1
2030,0
2031,3
2032,2
2033,1
2034,0
2035,3
2036,2
2037,3
2038,0
2039,1
2040,1
2041,1
2042,1
2043,2
2044,1
2045,1
2046,0
2047,3
2048,1
2049,0
2050,1
2051,0
2052,3
2053,3
2054,0
2055,1
2056,3
2057,0
2058,3
2059,1
2060,0
2061,1
2062,2
2063,3
2064,3
2065,1
2066,1
2067,1
2068,3
2069,1
2070,3
2071,0
2072,1
2073,1
2074,0
2075,0
2076,0
2077,2
2078,3
2079,3
2080,1
2081,1
2082,1
2083,1
2084,3
2085,1
2086,0
2087,1
2088,0
2089,3
2090,2
2091,1
2092,1
2093,1
2094,3
2095,1
2096,3
2097,1
2098,0
2099,3
2100,0
2101,1
2102,3
2103,3
2104,3
2105,3
2106,0
2107,3
2108,3
2109,3
2110,3
2111,1
2112,0
2113,1
2114,1
2115,1
2116,3
2117,3
2118,0
2119,1
2120,3
2121,1
2122,2
2123,2
2124,1
2125,0
2126,1
2127,1
2128,2
2129,1
2130,3
2131,1
2132,1
2133,3
2134,0
2135,0
2136,2
2137,3
2138,3
2139,3
2140,2
2141,1
2142,2
2143,1
2144,2
2145,1
2146,0
2147,3
2148,1
2149,1
2150,3
2151,1
2152,3
2153,3
2154,2
2155,1
2156,2
2157,1
2158,1
2159,1
2160,3
2161,3
2162,0
2163,1
2164,2
2165,0
2166,3
2167,0
2168,1
2169,2
2170,1
2171,1
2172,0
2173,3
2174,0
2175,1
2176,3
2177,0
2178,1
2179,0
2180,0
2181,1
2182,1
2183,3
2184,0
2185,2
2186,1
2187,2
2188,0
2189,3
2190,3
2191,0
2192,1
2193,1
2194,0
2195,1
2196,1
2197,2
2198,1
2199,3
2200,3
2201,2
2202,3
2203,1
2204,2
2205,0
2206,0
2207,1
2208,2
2209,1
2210,2
2211,3
2212,1
2213,3
2214,3
2215,3
2216,0
2217,3
2218,0
2219,1
2220,3
2221,2
2222,0
2223,1
2224,3
2225,1
2226,1
2227,1
2228,0
2229,2
2230,0
2231,1
2232,3
2233,1
2234,2
2235,0
2236,1
2237,0
2238,1
2239,3
2240,0
2241,1
2242,3
2243,1
2244,3
2245,1
2246,1
2247,1
2248,3
2249,0
2250,0
2251,1
2252,3
2253,1
2254,3
2255,3
2256,0
2257,3
2258,3
2259,3
2260,1
2261,1
2262,1
2263,1
2264,1
2265,3
2266,3
2267,2
2268,3
2269,1
2270,0
2271,3
2272,1
2273,2
2274,1
2275,0
2276,1
2277,1
2278,1
2279,2
2280,2
2281,0
2282,1
2283,1
2284,3
2285,3
2286,3
2287,1
2288,3
2289,3
2290,1
2291,0
2292,1
2293,1
2294,1
2295,0
2296,1
2297,1
2298,3
2299,1
2300,3
2301,1
2302,0
2303,1
2304,3
2305,1
2306,1
2307,1
2308,1
2309,3
2310,3
2311,1
2312,1
2313,2
2314,2
2315,0
2316,1
2317,2
2318,1
2319,1
2320,2
2321,2
2322,3
2323,2
2324,0
2325,1
2326,2
2327,0
2328,3
2329,3
2330,3
2331,1
2332,1
2333,0
2334,1
2335,1
2336,0
2337,3
2338,2
2339,3
2340,3
2341,1
2342,3
2343,1
2344,0
2345,0
2346,3
2347,2
2348,3
2349,3
2350,3
2351,0
2352,0
2353,1
2354,3
2355,1
2356,1
2357,0
2358,1
2359,2
2360,1
2361,3
2362,0
2363,0
2364,1
2365,0
2366,3
2367,2
2368,0
2369,3
2370,3
2371,3
2372,1
2373,0
2374,3
2375,1
2376,2
2377,0
2378,1
2379,3
2380,0
2381,1
2382,1
2383,3
2384,1
2385,3
2386,1
2387,1
2388,1
2389,1
2390,3
2391,0
2392,2
2393,0
2394,3
2395,1
2396,3
2397,1
2398,3
2399,3
2400,1
2401,3
2402,3
2403,1
2404,1
2405,2
2406,1
2407,2
2408,0
2409,1
2410,3
2411,3
2412,1
2413,3
2414,0
2415,2
2416,3
2417,1
2418,0
2419,3
2420,0
2421,1
2422,3
2423,2
2424,2
2425,3
2426,2
2427,0
2428,0
2429,0
2430,1
2431,1
2432,2
2433,1
2434,2
2435,3
2436,3
2437,3
2438,1
2439,2
2440,3
2441,3
2442,3
2443,3
2444,1
2445,1
2446,2
2447,3
2448,3
2449,1
2450,1
2451,0
2452,0
2453,1
2454,1
2455,1
2456,1
2457,0
2458,0
2459,3
2460,1
2461,3
2462,1
2463,3
2464,1
2465,1
2466,1
2467,2
2468,3
2469,1
2470,1
2471,1
2472,0
2473,1
2474,3
2475,2
2476,3
2477,2
2478,1
2479,0
2480,2
2481,0
2482,1
2483,2
2484,3
2485,1
2486,1
2487,2
2488,1
2489,1
2490,3
2491,1
2492,1
2493,2
2494,3
2495,3
2496,1
2497,1
2498,0
2499,0
2500,0
2501,1
2502,3
2503,3
2504,1
2505,0
2506,1
2507,0
2508,3
2509,1
2510,2
2511,1
2512,3
2513,1
2514,2
2515,1
2516,1
2517,1
2518,1
2519,1
2520,2
2521,3
2522,1
2523,0
2524,1
2525,1
2526,0
2527,2
2528,0
2529,0
2530,3
2531,3
2532,1
2533,1
2534,0
2535,3
2536,3
2537,1
2538,3
2539,3
2540,3
2541,1
2542,2
2543,0
2544,3
2545,3
2546,1
2547,2
2548,0
2549,2
2550,3
2551,3
2552,1
2553,3
2554,1
2555,2
2556,1
2557,1
2558,0
2559,3
2560,3
2561,0
2562,0
2563,1
2564,0
2565,3
2566,0
2567,1
2568,1
2569,1
2570,3
2571,3
2572,0
2573,1
2574,3
2575,1
2576,1
2577,2
2578,3
2579,1
2580,3
2581,3
2582,1
2583,1
2584,0
2585,3
2586,2
2587,1
2588,1
2589,2
2590,1
2591,1
2592,1
2593,1
2594,3
2595,0
2596,0
2597,1
2598,3
2599,2
2600,0
2601,3
2602,3
2603,3
2604,3
2605,0
2606,1
2607,1
2608,3
2609,0
2610,1
2611,1
2612,1
2613,3
2614,1
2615,1
2616,3
2617,3
2618,3
2619,3
2620,2
2621,0
2622,0
2623,2
2624,1
2625,0
2626,1
2627,1
2628,1
2629,0
2630,3
2631,2
2632,3
2633,3
2634,2
2635,1
2636,3
2637,0
2638,1
2639,1
2640,3
2641,0
2642,3
2643,3
2644,3
2645,1
2646,3
2647,3
2648,1
2649,2
2650,1
2651,0
2652,1
2653,3
2654,1
2655,3
2656,1
2657,2
2658,1
2659,3
2660,1
2661,3
2662,1
2663,1
2664,1
2665,1
2666,3
2667,1
2668,1
2669,2
2670,1
2671,0
2672,2
2673,1
2674,3
2675,0
2676,1
2677,1
2678,2
2679,1
2680,0
2681,1
2682,1
2683,0
2684,3
2685,3
2686,1
2687,3
2688,3
2689,3
2690,2
2691,1
2692,0
2693,1
2694,0
2695,3
2696,1
2697,3
2698,2
2699,1
2700,1
2701,1
2702,3
2703,1
2704,3
2705,3
2706,0
2707,0
2708,3
2709,1
2710,1
2711,1
2712,1
2713,0
2714,2
2715,1
2716,1
2717,3
2718,3
2719,3
2720,1
2721,1
2722,3
2723,1
2724,1
2725,1
2726,0
2727,0
2728,2
2729,0
2730,2
2731,1
2732,3
2733,1
2734,0
2735,1
2736,1
2737,0
2738,3
2739,3
2740,3
2741,0
2742,1
2743,3
2744,1
2745,0
2746,3
2747,3
2748,3
2749,1
2750,0
2751,0
2752,0
2753,1
2754,1
2755,0
2756,1
2757,1
2758,3
2759,1
2760,0
2761,1
2762,3
2763,3
2764,0
2765,1
2766,2
2767,0
2768,3
2769,1
2770,2
2771,1
2772,3
2773,1
2774,3
2775,1
2776,3
2777,1
2778,0
2779,1
2780,3
2781,2
2782,3
2783,1
2784,1
2785,0
2786,3
2787,2
2788,1
2789,3
2790,3
2791,3
2792,3
2793,2
2794,3
2795,1
2796,0
2797,1
2798,0
2799,0
2800,1
2801,1
2802,1
2803,1
2804,1
2805,3
2806,1
2807,0
2808,3
2809,1
2810,1
2811,1
2812,3
2813,3
2814,1
2815,1
2816,1
2817,0
2818,1
2819,0
2820,3
2821,3
2822,1
2823,0
2824,1
2825,1
2826,2
2827,1
2828,3
2829,0
2830,0
2831,3
2832,1
2833,1
2834,1
2835,2
2836,1
2837,0
2838,1
2839,3
2840,0
2841,1
2842,2
2843,0
2844,0
2845,2
2846,3
2847,0
2848,1
2849,1
2850,1
2851,0
2852,1
2853,3
2854,1
2855,1
2856,3
2857,2
2858,3
2859,1
2860,3
2861,2
2862,1
2863,2
2864,3
2865,1
2866,3
2867,1
2868,1
2869,2
2870,1
2871,1
2872,0
2873,1
2874,1
2875,3
2876,2
2877,3
2878,0
2879,0
2880,1
2881,3
2882,1
2883,0
2884,3
2885,1
2886,3
2887,3
2888,1
2889,2
2890,3
2891,3
2892,3
2893,1
2894,3
2895,0
2896,1
2897,1
2898,1
2899,1
2900,0
2901,1
2902,3
2903,1
2904,3
2905,1
2906,1
2907,1
2908,1
2909,3
2910,0
2911,2
2912,3
2913,3
2914,1
2915,0
2916,0
2917,3
2918,3
2919,1
2920,1
2921,1
2922,3
2923,1
2924,3
2925,3
2926,3
2927,3
2928,0
2929,0
2930,1
2931,1
2932,3
2933,3
2934,1
2935,0
2936,3
2937,0
2938,1
2939,3
2940,1
2941,2
2942,1
2943,3
2944,2
2945,3
2946,0
2947,2
2948,1
2949,3
2950,1
2951,1
2952,1
2953,1
2954,3
2955,1
2956,1
2957,1
2958,3
2959,3
2960,3
2961,0
2962,3
2963,1
2964,1
2965,0
2966,1
2967,2
2968,0
2969,0
2970,3
2971,1
2972,3
2973,3
2974,0
2975,0
2976,3
2977,0
2978,3
2979,1
2980,1
2981,3
2982,1
2983,1
2984,0
2985,2
2986,2
2987,1
2988,2
2989,1
2990,3
2991,3
2992,1
2993,3
2994,1
2995,3
2996,3
2997,2
2998,1
2999,3
3000,1
3001,1
3002,1
3003,1
3004,1
3005,1
3006,3
3007,3
3008,1
3009,2
3010,2
3011,1
3012,1
3013,2
3014,0
3015,1
3016,1
3017,0
3018,3
3019,1
3020,2
3021,1
3022,3
3023,1
3024,3
3025,3
3026,3
3027,1
3028,1
3029,3
3030,0
3031,1
3032,1
3033,1
3034,0
3035,1
3036,1
3037,1
3038,3
3039,1
3040,1
3041,3
3042,1
3043,0
3044,3
3045,2
3046,1
3047,1
3048,1
3049,0
3050,1
3051,1
3052,3
3053,3
3054,1
3055,0
3056,2
3057,2
3058,0
3059,1
3060,0
3061,0
3062,3
3063,1
3064,0
3065,3
3066,1
3067,0
3068,2
3069,1
3070,1
3071,1
3072,0
3073,1
3074,3
3075,3
3076,2
3077,2
3078,2
3079,1
3080,1
3081,3
3082,2
3083,0
3084,1
3085,0
3086,0
3087,0
3088,2
3089,3
3090,0
3091,2
3092,3
3093,3
3094,1
3095,1
3096,0
3097,1
3098,2
3099,3
3100,0
3101,1
3102,3
3103,3
3104,2
3105,0
3106,1
3107,1
3108,3
3109,0
3110,1
3111,0
3112,0
3113,2
3114,2
3115,1
3116,3
3117,1
3118,2
3119,1
3120,1
3121,2
3122,1
3123,1
3124,3
3125,0
3126,2
3127,3
3128,3
3129,1
3130,3
3131,3
3132,2
3133,3
3134,2
3135,0
3136,1
3137,3
3138,1
3139,1
3140,0
3141,2
3142,3
3143,3
3144,1
3145,1
3146,2
3147,3
3148,1
3149,1
3150,1
3151,3
3152,0
3153,1
3154,1
3155,1
3156,2
3157,3
3158,3
3159,0
3160,2
3161,0
3162,1
3163,0
3164,1
3165,3
3166,3
3167,0
3168,2
3169,1
3170,1
3171,3
3172,3
3173,2
3174,1
3175,0
3176,1
3177,3
3178,3
3179,1
3180,1
3181,1
3182,1
3183,1
3184,1
3185,3
3186,3
3187,3
3188,3
3189,1
3190,1
3191,3
3192,0
3193,3
3194,3
3195,1
3196,1
3197,1
3198,1
3199,1
3200,2
3201,3
3202,3
3203,3
3204,0
3205,1
3206,1
3207,1
3208,1
3209,0
3210,3
3211,3
3212,3
3213,3
3214,3
3215,3
3216,2
3217,1
3218,1
3219,2
3220,1
3221,3
3222,1
3223,1
3224,3
3225,3
3226,3
3227,2
3228,1
3229,1
3230,0
3231,0
3232,0
3233,1
3234,3
3235,2
3236,3
3237,1
3238,2
3239,0
3240,1
3241,1
3242,0
3243,1
3244,2
3245,1
3246,3
3247,2
3248,3
3249,1
3250,0
3251,3
3252,3
3253,3
3254,3
3255,0
3256,1
3257,0
3258,3
3259,1
3260,3
3261,1
3262,3
3263,3
3264,0
3265,3
3266,1
3267,1
3268,1
3269,3
3270,1
3271,0
3272,1
3273,1
3274,1
3275,3
3276,1
3277,0
3278,1
3279,0
3280,0
3281,1
3282,0
3283,1
3284,3
3285,1
3286,1
3287,0
3288,1
3289,1
3290,2
3291,1
3292,1
3293,2
3294,0
3295,2
3296,3
3297,3
3298,2
3299,3
3300,3
3301,3
3302,1
3303,1
3304,1
3305,3
3306,1
3307,1
3308,3
3309,0
3310,1
3311,1
3312,1
3313,0
3314,3
3315,1
3316,1
3317,1
3318,0
3319,1
3320,1
3321,1
3322,3
3323,3
3324,1
3325,1
3326,1
3327,0
3328,1
3329,2
3330,2
3331,3
3332,2
3333,1
3334,3
3335,3
3336,1
3337,1
3338,1
3339,3
3340,1
3341,2
3342,2
3343,1
3344,1
3345,0
3346,0
3347,0
3348,3
3349,1
3350,0
3351,0
3352,3
3353,1
3354,1
3355,3
3356,1
3357,3
3358,3
3359,3
3360,3
3361,3
3362,1
3363,1
3364,0
3365,1
3366,2
3367,3
3368,3
3369,2
3370,1
3371,1
3372,0
3373,0
3374,2
3375,3
3376,3
3377,3
3378,0
3379,1
3380,1
3381,3
3382,3
3383,1
3384,3
3385,0
3386,0
3387,3
3388,1
3389,1
3390,0
3391,1
3392,3
3393,0
3394,3
3395,3
3396,1
3397,2
3398,1
3399,2
3400,0
3401,1
3402,3
3403,3
3404,2
3405,3
3406,1
3407,1
3408,1
3409,3
3410,3
3411,2
3412,3
3413,3
3414,1
3415,3
3416,1
3417,1
3418,1
3419,3
3420,1
3421,0
3422,3
3423,0
3424,1
3425,3
3426,1
3427,0
3428,2
3429,3
3430,3
3431,3
3432,0
3433,3
3434,1
3435,1
3436,0
3437,2
3438,3
3439,2
3440,3
3441,1
3442,3
3443,0
3444,3
3445,0
3446,0
3447,3
3448,1
3449,1
3450,1
3451,3
3452,3
3453,1
3454,3
3455,0
3456,3
3457,3
3458,2
3459,2
3460,3
3461,1
3462,0
3463,3
3464,3
3465,3
3466,2
3467,2
3468,0
3469,3
3470,3
3471,1
3472,1
3473,0
3474,3
3475,3
3476,3
3477,3
3478,0
3479,3
3480,1
3481,0
3482,2
3483,1
3484,0
3485,1
3486,3
3487,3
3488,1
3489,3
3490,0
3491,1
3492,1
3493,3
3494,3
3495,3
3496,3
3497,3
3498,3
3499,1
3500,2
3501,3
3502,1
3503,0
3504,1
3505,3
3506,1
3507,2
3508,3
3509,2
3510,1
3511,3
3512,1
3513,3
3514,0
3515,0
3516,3
3517,2
3518,1
3519,2
3520,1
3521,3
3522,0
3523,3
3524,3
3525,3
3526,1
3527,0
3528,3
3529,1
3530,3
3531,3
3532,3
3533,1
3534,1
3535,1
3536,1
3537,2
3538,1
3539,1
3540,2
3541,3
3542,0
3543,3
3544,0
3545,0
3546,3
3547,3
3548,1
3549,1
3550,1
3551,3
3552,2
3553,1
3554,3
3555,3
3556,3
3557,1
3558,3
3559,2
3560,1
3561,1
3562,1
3563,1
3564,1
3565,1
3566,0
3567,3
3568,1
3569,0
3570,0
3571,1
3572,2
3573,0
3574,3
3575,1
3576,2
3577,2
3578,3
3579,1
3580,1
3581,3
3582,2
3583,1
3584,1
3585,1
3586,2
3587,1
3588,1
3589,3
3590,1
3591,1
3592,3
3593,1
3594,1
3595,0
3596,1
3597,3
3598,3
3599,2
3600,0
3601,3
3602,2
3603,3
3604,0
3605,1
3606,3
3607,3
3608,0
3609,3
3610,0
3611,3
3612,3
3613,1
3614,3
3615,0
3616,3
3617,1
3618,2
3619,2
3620,2
3621,0
3622,1
3623,2
3624,3
3625,0
3626,2
3627,2
3628,1
3629,3
3630,3
3631,3
3632,0
3633,0
3634,3
3635,0
3636,3
3637,1
3638,0
3639,3
3640,3
3641,1
3642,1
3643,3
3644,1
3645,1
3646,0
3647,1
3648,2
3649,3
3650,0
3651,1
3652,3
3653,2
3654,3
3655,2
3656,3
3657,3
3658,0
3659,1
3660,3
3661,1
3662,3
3663,1
3664,0
3665,0
3666,3
3667,0
3668,0
3669,1
3670,3
3671,0
3672,3
3673,3
3674,1
3675,3
3676,0
3677,1
3678,0
3679,1
3680,3
3681,1
3682,3
3683,1
3684,1
3685,3
3686,0
3687,1
3688,2
3689,2
3690,1
3691,3
3692,1
3693,1
3694,2
3695,2
3696,3
3697,3
3698,2
3699,3
3700,1
3701,1
3702,3
3703,0
3704,1
3705,3
3706,0
3707,1
3708,3
3709,0
3710,0
3711,1
3712,3
3713,1
3714,1
3715,1
3716,3
3717,2
3718,0
3719,1
3720,3
3721,3
3722,0
3723,1
3724,0
3725,3
3726,3
3727,3
3728,1
3729,1
3730,1
3731,1
3732,1
3733,3
3734,0
3735,1
3736,3
3737,1
3738,3
3739,3
3740,3
3741,0
3742,3
3743,2
3744,3
3745,1
3746,1
3747,3
3748,1
3749,1
3750,1
3751,3
3752,1
3753,3
3754,3
3755,3
3756,3
3757,3
3758,0
3759,2
3760,3
3761,1
3762,3
3763,3
3764,3
3765,1
3766,1
3767,2
3768,1
3769,0
3770,1
3771,1
3772,3
3773,1
3774,1
3775,0
3776,3
3777,3
3778,1
3779,3
3780,1
3781,1
3782,1
3783,0
3784,1
3785,1
3786,1
3787,0
3788,3
3789,3
3790,3
3791,1
3792,1
3793,0
3794,2
3795,2
3796,3
3797,2
3798,0
3799,1
3800,0
3801,2
3802,0
3803,1
3804,0
3805,1
3806,1
3807,3
3808,1
3809,3
3810,1
3811,3
3812,3
3813,1
3814,3
3815,1
3816,3
3817,1
3818,3
3819,1
3820,3
3821,3
3822,3
3823,1
3824,3
3825,1
3826,3
3827,3
3828,1
3829,1
3830,2
3831,1
3832,3
3833,2
3834,3
3835,3
3836,1
3837,0
3838,3
3839,3
3840,2
3841,1
3842,1
3843,2
3844,2
3845,3
3846,3
3847,1
3848,1
3849,3
3850,1
3851,1
3852,1
3853,1
3854,3
3855,1
3856,0
3857,3
3858,2
3859,3
3860,3
3861,3
3862,1
3863,2
3864,3
3865,0
3866,1
3867,3
3868,3
3869,3
3870,3
3871,3
3872,0
3873,3
3874,3
3875,0
3876,0
3877,3
3878,1
3879,1
3880,3
3881,3
3882,0
3883,1
3884,3
3885,2
3886,3
3887,0
3888,2
3889,3
3890,1
3891,1
3892,0
3893,1
3894,1
3895,1
3896,1
3897,1
3898,0
3899,1
3900,3
3901,3
3902,3
3903,1
3904,1
3905,2
3906,0
3907,1
3908,1
3909,0
3910,3
3911,3
3912,2
3913,1
3914,1
3915,2
3916,1
3917,3
3918,3
3919,3
3920,3
3921,3
3922,2
3923,1
3924,3
3925,0
3926,3
3927,3
3928,0
3929,3
3930,3
3931,1
3932,1
3933,2
3934,0
3935,1
3936,1
3937,1
3938,0
3939,1
3940,3
3941,1
3942,1
3943,1
3944,0
3945,1
3946,1
3947,2
3948,1
3949,3
3950,1
3951,1
3952,1
3953,1
3954,1
3955,1
3956,3
3957,1
3958,1
3959,0
3960,0
3961,3
3962,1
3963,3
3964,1
3965,1
3966,2
3967,1
3968,2
3969,3
3970,1
3971,3
3972,1
3973,0
3974,1
3975,0
3976,2
3977,1
3978,3
3979,1
3980,3
3981,1
3982,3
3983,0
3984,3
3985,3
3986,3
3987,3
3988,1
3989,3
3990,0
3991,2
3992,0
3993,3
3994,0
3995,3
3996,1
3997,1
3998,0
3999,3
4000,0
4001,1
4002,3
4003,3
4004,1
4005,3
4006,1
4007,3
4008,1
4009,3
4010,0
4011,3
4012,3
4013,3
4014,2
4015,3
4016,0
4017,1
4018,0
4019,1
4020,2
4021,1
4022,0
4023,1
4024,1
4025,1
4026,1
4027,3
4028,3
4029,3
4030,1
4031,3
4032,1
4033,1
4034,1
4035,3
4036,1
4037,1
4038,1
4039,3
4040,2
4041,3
4042,0
4043,1
4044,2
4045,1
4046,1
4047,3
4048,1
4049,3
4050,2
4051,1
4052,1
4053,0
4054,0
4055,3
4056,2
4057,2
4058,3
4059,0
4060,1
4061,3
4062,1
4063,3
4064,1
4065,1
4066,3
4067,3
4068,3
4069,0
4070,1
4071,1
4072,3
4073,1
4074,3
4075,1
4076,1
4077,1
4078,1
4079,3
4080,1
4081,1
4082,3
4083,1
4084,1
4085,3
4086,2
4087,1
4088,2
4089,3
4090,3
4091,1
4092,3
4093,1
4094,1
4095,0
4096,3
4097,1
4098,0
4099,1
4100,1
4101,3
4102,1
4103,3
4104,1
4105,3
4106,1
4107,3
4108,0
4109,3
4110,3
4111,1
4112,1
4113,1
4114,1
4115,3
4116,1
4117,3
4118,3
4119,3
4120,1
4121,1
4122,1
4123,3
4124,0
4125,1
4126,2
4127,1
4128,3
4129,1
4130,2
4131,1
4132,1
4133,3
4134,3
4135,1
4136,1
4137,3
4138,1
4139,1
4140,1
4141,1
4142,3
4143,3
4144,3
4145,3
4146,2
4147,0
4148,3
4149,1
4150,2
4151,3
4152,1
4153,0
4154,1
4155,1
4156,2
4157,1
4158,1
4159,1
4160,3
4161,0
4162,3
4163,1
4164,0
4165,3
4166,0
4167,1
4168,3
4169,0
4170,3
4171,1
4172,0
4173,3
4174,3
4175,3
4176,3
4177,3
4178,3
4179,1
4180,1
4181,3
4182,0
4183,1
4184,1
4185,2
4186,1
4187,0
4188,3
4189,1
4190,3
4191,3
4192,0
4193,3
4194,3
4195,2
4196,1
4197,1
4198,1
4199,0
4200,3
4201,0
4202,3
4203,1
4204,3
4205,1
4206,3
4207,1
4208,1
4209,1
4210,0
4211,1
4212,1
4213,3
4214,3
4215,0
4216,1
4217,1
4218,1
4219,1
4220,3
4221,1
4222,3
4223,1
4224,1
4225,3
4226,1
4227,1
4228,1
4229,1
4230,0
4231,1
4232,3
4233,3
4234,1
4235,0
4236,3
4237,1
4238,3
4239,0
4240,3
4241,3
4242,3
4243,1
4244,3
4245,0
4246,1
4247,3
4248,3
4249,2
4250,1
4251,2
4252,0
4253,1
4254,1
4255,0
4256,3
4257,1
4258,3
4259,3
4260,3
4261,3
4262,0
4263,1
4264,3
4265,3
4266,1
4267,1
4268,3
4269,0
4270,2
4271,1
4272,3
4273,3
4274,1
4275,0
4276,0
4277,2
4278,3
4279,1
4280,3
4281,3
4282,3
4283,3
4284,3
4285,2
4286,0
4287,3
4288,0
4289,1
4290,1
4291,1
4292,1
4293,1
4294,0
4295,1
4296,1
4297,1
4298,2
4299,1
4300,2
4301,1
4302,3
4303,0
4304,1
4305,0
4306,1
4307,1
4308,3
4309,3
4310,1
4311,3
4312,1
4313,1
4314,3
4315,1
4316,1
4317,1
4318,3
4319,3
4320,1
4321,0
4322,0
4323,1
4324,0
4325,2
4326,1
4327,1
4328,0
4329,1
4330,3
4331,1
4332,1
4333,1
4334,1
4335,3
4336,0
4337,0
4338,3
4339,1
4340,0
4341,3
4342,3
4343,3
4344,3
4345,1
4346,0
4347,3
4348,1
4349,1
4350,0
4351,3
4352,3
4353,0
4354,1
4355,3
4356,3
4357,1
4358,1
4359,0
4360,1
4361,3
4362,3
4363,1
4364,3
4365,0
4366,1
4367,1
4368,0
4369,0
4370,1
4371,2
4372,0
4373,1
4374,3
4375,3
4376,1
4377,1
4378,2
4379,1
4380,3
4381,2
4382,1
4383,1
4384,1
4385,2
4386,1
4387,3
4388,1
4389,0
4390,3
4391,3
4392,3
4393,2
4394,3
4395,1
4396,1
4397,1
4398,3
4399,1
4400,1
4401,1
4402,3
4403,3
4404,2
4405,3
4406,2
4407,1
4408,2
4409,0
4410,3
4411,1
4412,3
4413,3
4414,3
4415,3
4416,1
4417,3
4418,1
4419,1
4420,3
4421,0
4422,1
4423,1
4424,1
4425,1
4426,1
4427,2
4428,2
4429,3
4430,1
4431,0
4432,1
4433,1
4434,3
4435,1
4436,1
4437,1
4438,1
4439,3
4440,0
4441,3
4442,0
4443,1
4444,1
4445,1
4446,0
4447,1
4448,1
4449,3
4450,3
4451,1
4452,3
4453,1
4454,3
4455,1
4456,3
4457,3
4458,3
4459,1
4460,3
4461,1
4462,1
4463,1
4464,3
4465,0
4466,3
4467,1
4468,3
4469,3
4470,1
4471,3
4472,3
4473,2
4474,0
4475,3
4476,3
4477,0
4478,3
4479,3
4480,1
4481,3
4482,1
4483,3
4484,0
4485,3
4486,1
4487,3
4488,3
4489,3
4490,1
4491,1
4492,3
4493,3
4494,0
4495,3
4496,0
4497,3
4498,3
4499,3
4500,3
4501,1
4502,3
4503,3
4504,0
4505,1
4506,3
4507,3
4508,1
4509,0
4510,1
4511,1
4512,1
4513,1
4514,1
4515,1
4516,3
4517,0
4518,1
4519,2
4520,3
4521,3
4522,0
4523,2
4524,3
4525,0
4526,3
4527,1
4528,3
4529,2
4530,3
4531,1
4532,3
4533,3
4534,1
4535,1
4536,3
4537,1
4538,3
4539,3
4540,3
4541,3
4542,0
4543,0
4544,1
4545,1
4546,2
4547,1
4548,3
4549,0
4550,1
4551,0
4552,2
4553,3
4554,3
4555,3
4556,2
4557,1
4558,3
4559,0
4560,3
4561,0
4562,1
4563,2
4564,3
4565,1
4566,1
4567,2
4568,1
4569,1
4570,2
4571,1
4572,3
4573,3
4574,0
4575,0
4576,3
4577,3
4578,0
4579,0
4580,3
4581,1
4582,1
4583,3
4584,1
4585,1
4586,2
4587,1
4588,2
4589,3
4590,3
4591,1
4592,1
4593,2
4594,3
4595,3
4596,3
4597,3
4598,1
4599,0
4600,3
4601,3
4602,3
4603,1
4604,3
4605,1
4606,3
4607,3
4608,1
4609,3
4610,2
4611,1
4612,3
4613,3
4614,1
4615,1
4616,1
4617,3
4618,3
4619,1
4620,3
4621,2
4622,2
4623,3
4624,1
4625,3
4626,0
4627,2
4628,1
4629,1
4630,1
4631,1
4632,1
4633,0
4634,1
4635,3
4636,3
4637,3
4638,1
4639,1
4640,1
4641,2
4642,0
4643,1
4644,3
4645,3
4646,2
4647,1
4648,3
4649,0
4650,1
4651,1
4652,3
4653,1
4654,0
4655,3
4656,3
4657,3
4658,3
4659,1
4660,0
4661,1
4662,3
4663,2
4664,1
4665,0
4666,0
4667,1
4668,3
4669,3
4670,3
4671,1
4672,1
4673,3
4674,0
4675,3
4676,1
4677,0
4678,1
4679,1
4680,3
4681,1
4682,3
4683,1
4684,3
4685,1
4686,3
4687,1
4688,1
4689,1
4690,1
4691,1
4692,1
4693,3
4694,3
4695,3
4696,3
4697,1
4698,3
4699,2
4700,1
4701,1
4702,3
4703,1
4704,1
4705,3
4706,3
4707,3
4708,1
4709,3
4710,1
4711,3
4712,0
4713,1
4714,0
4715,3
4716,1
4717,3
4718,2
4719,0
4720,1
4721,3
4722,1
4723,3
4724,1
4725,0
4726,0
4727,0
4728,3
4729,3
4730,1
4731,0
4732,3
4733,1
4734,1
4735,2
4736,3
4737,0
4738,1
4739,2
4740,3
4741,1
4742,0
4743,0
4744,1
4745,2
4746,3
4747,3
4748,1
4749,3
4750,1
4751,1
4752,2
4753,1
4754,1
4755,0
4756,3
4757,3
4758,3
4759,1
4760,1
4761,2
4762,1
4763,1
4764,1
4765,0
4766,2
4767,1
4768,2
4769,1
4770,1
4771,1
4772,1
4773,0
4774,1
4775,0
4776,3
4777,3
4778,3
4779,1
4780,0
4781,1
4782,0
4783,2
4784,3
4785,2
4786,3
4787,1
4788,2
4789,1
4790,1
4791,1
4792,3
4793,3
4794,0
4795,1
4796,3
4797,3
4798,1
4799,1
4800,2
4801,1
4802,1
4803,0
4804,0
4805,3
4806,1
4807,1
4808,0
4809,0
4810,0
4811,3
4812,1
4813,2
4814,3
4815,3
4816,3
4817,1
4818,2
4819,3
4820,0
4821,2
4822,3
4823,1
4824,1
4825,0
4826,3
4827,0
4828,1
4829,0
4830,0
4831,0
4832,1
4833,3
4834,3
4835,3
4836,1
4837,3
4838,1
4839,1
4840,3
4841,1
4842,1
4843,1
4844,3
4845,3
4846,0
4847,3
4848,2
4849,0
4850,1
4851,3
4852,3
4853,3
4854,0
4855,0
4856,1
4857,3
4858,1
4859,2
4860,1
4861,1
4862,3
4863,1
4864,0
4865,1
4866,1
4867,2
4868,3
4869,0
4870,3
4871,3
4872,2
4873,1
4874,1
4875,1
4876,3
4877,3
4878,0
4879,3
4880,3
4881,1
4882,1
4883,3
4884,1
4885,3
4886,2
4887,3
4888,0
4889,2
4890,0
4891,3
4892,0
4893,0
4894,1
4895,3
4896,1
4897,1
4898,1
4899,0
4900,3
4901,0
4902,0
4903,1
4904,3
4905,3
4906,1
4907,3
4908,0
4909,3
4910,3
4911,1
4912,1
4913,0
4914,1
4915,1
4916,1
4917,0
4918,1
4919,0
4920,1
4921,2
4922,3
4923,1
4924,3
4925,3
4926,3
4927,2
4928,0
4929,1
4930,0
4931,2
4932,3
4933,3
4934,3
4935,3
4936,1
4937,1
4938,3
4939,2
4940,1
4941,2
4942,3
4943,3
4944,0
4945,3
4946,3
4947,1
4948,1
4949,3
4950,3
4951,1
4952,0
4953,1
4954,3
4955,3
4956,1
4957,1
4958,0
4959,0
4960,3
4961,1
4962,3
4963,3
4964,1
4965,1
4966,1
4967,3
4968,1
4969,1
4970,1
4971,1
4972,3
4973,1
4974,2
4975,0
4976,1
4977,3
4978,1
4979,1
4980,1
4981,1
4982,3
4983,1
4984,1
4985,1
4986,1
4987,3
4988,2
4989,1
4990,1
4991,2
4992,1
4993,3
4994,3
4995,1
4996,3
4997,0
4998,1
4999,0
5000,1
5001,3
5002,3
5003,1
5004,3
5005,3
5006,3
5007,3
5008,3
5009,3
5010,0
5011,3
5012,2
5013,1
5014,1
5015,1
5016,0
5017,3
5018,3
5019,0
5020,1
5021,2
5022,3
5023,3
5024,1
5025,0
5026,0
5027,1
5028,3
5029,0
5030,1
5031,1
5032,1
5033,1
5034,3
5035,3
5036,3
5037,2
5038,3
5039,1
5040,1
5041,1
5042,1
5043,1
5044,2
5045,3
5046,0
5047,1
5048,1
5049,3
5050,3
5051,0
5052,1
5053,1
5054,0
5055,1
5056,0
5057,1
5058,1
5059,3
5060,1
5061,1
5062,2
5063,1
5064,3
5065,0
5066,0
5067,1
5068,3
5069,1
5070,1
5071,1
5072,3
5073,1
5074,1
5075,1
5076,1
5077,3
5078,1
5079,2
5080,3
5081,3
5082,1
5083,1
5084,1
5085,0
5086,3
5087,3
5088,0
5089,0
5090,0
5091,3
5092,1
5093,3
5094,3
5095,3
5096,1
5097,1
5098,0
5099,3
5100,3
5101,1
5102,1
5103,2
5104,1
5105,1
5106,0
5107,3
5108,1
5109,1
5110,1
5111,3
5112,0
5113,1
5114,0
5115,3
5116,0
5117,3
5118,3
5119,3
5120,0
5121,0
5122,0
5123,3
5124,3
5125,1
5126,2
5127,3
5128,1
5129,1
5130,3
5131,3
5132,1
5133,1
5134,3
5135,1
5136,3
5137,2
5138,3
5139,3
5140,2
5141,3
5142,2
5143,3
5144,1
5145,3
5146,3
5147,3
5148,1
5149,3
5150,3
5151,2
5152,3
5153,1
5154,3
5155,1
5156,1
5157,1
5158,0
5159,1
5160,1
5161,2
5162,1
5163,1
5164,1
5165,3
5166,3
5167,0
5168,1
5169,1
5170,1
5171,0
5172,1
5173,2
5174,3
5175,0
5176,0
5177,1
5178,3
5179,1
5180,0
5181,0
5182,3
5183,0
5184,1
5185,1
5186,1
5187,3
5188,1
5189,3
5190,0
5191,2
5192,1
5193,1
5194,1
5195,1
5196,3
5197,0
5198,0
5199,3
5200,3
5201,3
5202,3
5203,3
5204,1
5205,1
5206,3
5207,3
5208,0
5209,0
5210,0
5211,2
5212,0
5213,1
5214,1
5215,3
5216,3
5217,2
5218,1
5219,1
5220,1
5221,0
5222,2
5223,1
5224,3
5225,1
5226,1
5227,2
5228,3
5229,3
5230,3
5231,3
5232,1
5233,3
5234,1
5235,1
5236,0
5237,1
5238,3
5239,3
5240,3
5241,1
5242,1
5243,1
5244,3
5245,3
5246,1
5247,0
5248,0
5249,0
5250,1
5251,0
5252,1
5253,0
5254,3
5255,1
5256,3
5257,1
5258,1
5259,3
5260,3
5261,3
5262,0
5263,0
5264,3
5265,1
5266,0
5267,3
5268,1
5269,1
5270,3
5271,3
5272,1
5273,2
5274,2
5275,1
5276,1
5277,1
5278,3
5279,1
5280,3
5281,0
5282,1
5283,0
5284,3
5285,3
5286,3
5287,3
5288,3
5289,1
5290,1
5291,1
5292,3
5293,0
5294,3
5295,1
5296,1
5297,3
5298,3
5299,1
5300,1
5301,1
5302,1
5303,0
5304,1
5305,2
5306,2
5307,3
5308,1
5309,1
5310,3
5311,0
5312,3
5313,1
5314,3
5315,2
5316,3
5317,1
5318,0
5319,3
5320,2
5321,2
5322,1
5323,1
5324,2
5325,1
5326,3
5327,1
5328,2
5329,0
5330,3
5331,2
5332,3
5333,1
5334,0
5335,3
5336,0
5337,1
5338,3
5339,1
5340,1
5341,3
5342,1
5343,3
5344,1
5345,1
5346,0
5347,1
5348,2
5349,1
5350,1
5351,3
5352,1
5353,1
5354,1
5355,3
5356,3
5357,0
5358,1
5359,1
5360,3
5361,0
5362,0
5363,3
5364,1
5365,0
5366,3
5367,1
5368,3
5369,3
5370,0
5371,3
5372,0
5373,2
5374,3
5375,1
5376,1
5377,0
5378,3
5379,2
5380,1
5381,2
5382,3
5383,3
5384,1
5385,2
5386,1
5387,2
5388,0
5389,0
5390,1
5391,1
5392,0
5393,3
5394,2
5395,2
5396,3
5397,1
5398,0
5399,1
5400,2
5401,2
5402,0
5403,1
5404,0
5405,2
5406,1
5407,1
5408,3
5409,2
5410,1
5411,3
5412,3
5413,0
5414,3
5415,0
5416,0
5417,1
5418,1
5419,1
5420,3
5421,1
5422,3
5423,1
5424,3
5425,2
5426,3
5427,1
5428,3
5429,3
5430,3
5431,2
5432,1
5433,3
5434,2
5435,0
5436,1
5437,3
5438,3
5439,0
5440,1
5441,2
5442,1
5443,0
5444,1
5445,3
5446,3
5447,1
5448,1
5449,0
5450,0
5451,3
5452,3
5453,1
5454,2
5455,1
5456,0
5457,0
5458,0
5459,2
5460,1
5461,3
5462,1
5463,3
5464,1
5465,0
5466,3
5467,1
5468,1
5469,1
5470,2
5471,1
5472,3
5473,3
5474,1
5475,0
5476,0
5477,1
5478,0
5479,1
5480,1
5481,0
5482,0
5483,3
5484,3
5485,2
5486,3
5487,0
5488,3
5489,3
5490,1
5491,0
5492,3
5493,1
5494,0
5495,1
5496,3
5497,1
5498,3
5499,0
5500,1
5501,1
5502,1
5503,3
5504,0
5505,3
5506,0
5507,1
5508,1
5509,3
5510,0
5511,1
5512,1
5513,0
5514,1
5515,3
5516,3
5517,2
5518,0
5519,2
5520,1
5521,0
5522,3
5523,3
5524,3
5525,1
5526,2
5527,1
5528,1
5529,0
5530,0
5531,1
5532,2
5533,3
5534,1
5535,0
5536,3
5537,3
5538,3
5539,0
5540,1
5541,1
5542,1
5543,3
5544,1
5545,1
5546,0
5547,3
5548,1
5549,3
5550,1
5551,1
5552,3
5553,3
5554,1
5555,3
5556,3
5557,3
5558,1
5559,1
5560,1
5561,0
5562,1
5563,2
5564,0
5565,3
5566,2
5567,2
5568,1
5569,0
5570,1
5571,1
5572,1
5573,3
5574,1
5575,1
5576,1
5577,3
5578,3
5579,1
5580,1
5581,1
5582,1
5583,0
5584,3
5585,0
5586,3
5587,3
5588,3
5589,0
5590,0
5591,3
5592,3
5593,2
5594,1
5595,3
5596,0
5597,0
5598,3
5599,0
5600,0
5601,1
5602,3
5603,3
5604,1
5605,3
5606,0
5607,1
5608,1
5609,2
5610,3
5611,0
5612,0
5613,1
5614,1
5615,2
5616,0
5617,0
5618,1
5619,3
5620,3
5621,3
5622,0
5623,0
5624,1
5625,2
5626,2
5627,2
5628,1
5629,1
5630,0
5631,3
5632,0
5633,1
5634,2
5635,3
5636,0
5637,3
5638,3
5639,1
5640,2
5641,3
5642,3
5643,0
5644,3
5645,3
5646,3
5647,3
5648,2
5649,3
5650,1
5651,1
5652,3
5653,1
5654,1
5655,2
5656,2
5657,3
5658,1
5659,3
5660,1
5661,2
5662,1
5663,0
5664,0
5665,2
5666,3
5667,3
5668,1
5669,2
5670,1
5671,3
5672,3
5673,0
5674,3
5675,3
5676,3
5677,0
5678,3
5679,1
5680,3
